,ID,spacer,strength,P(Class 0|spacer),P(Class 1|spacer),P(Class 2|spacer),P(Class 3|spacer),P(Class 4|spacer),P(Class 5|spacer),P(Class 6|spacer),P(Class 7|spacer),P(Class 8|spacer),P(Class 9|spacer),P(Class 10|spacer)
0,>EXAMPLE_1,AAAACCCCGGGGTTTTT,3,0.08893572791500606,0.13574069518072845,0.16764158275922583,0.17127181428744284,0.14935887935216968,0.11316903100447645,0.07682819037399542,0.04818641334294333,0.027684430454836963,0.01482550478966632,0.006357727113340121
1,>EXAMPLE_2,TTTTCCCCGGGGTTTTT,2,0.09943664641467212,0.14742546791619912,0.1751842988128631,0.17157218914750624,0.14386864967542973,0.10562367801937683,0.07010862373561784,0.04333109516515969,0.024675445301790257,0.013148974561191762,0.005624923055545266
2,>EXAMPLE_3,TTTTGGGGCCCCAAAAA,1,0.17022996717901717,0.20827067255458173,0.197193775717485,0.15505855729012943,0.10846901934293343,0.0697428731433355,0.04237894534018817,0.024792389357447115,0.01367108281908882,0.007157429476122176,0.003035288798913369
