,ID,spacer,strength,P(Class 0|spacer),P(Class 1|spacer),P(Class 2|spacer),P(Class 3|spacer),P(Class 4|spacer),P(Class 5|spacer),P(Class 6|spacer),P(Class 7|spacer),P(Class 8|spacer),P(Class 9|spacer),P(Class 10|spacer)
0,0,AAAAAAAAAAAAAAAAA,3,0.07022928916053507,0.1129295882732843,0.1499736813226016,0.16668552159065422,0.1579304054601764,0.12840396298257342,0.09187936949332848,0.059703039382143906,0.03505723281929882,0.019006657341060936,0.008201241474499651
